USE
SELLPICK;

INSERT INTO SHOPPING_MALL (ID, NAME)
VALUES (1, '신세계'),
       (2, '롯데'),
       (3, '현대'),
       (4, '이마트'),
       (5, '홈플러스'),
       (6, '쿠팡'),
       (7, '11번가'),
       (8, 'G마켓'),
       (9, '옥션'),
       (10, '티몬'),
       (11, '위메프'),
       (12, '인터파크');

INSERT INTO BRAND (ID, NAME)
VALUES (1, '현대'),
       (2, '삼성'),
       (3, 'LG'),
       (4, 'SK'),
       (5, 'KT');

INSERT INTO DELIVERY_CMP (ID, NAME)
VALUES (1, '대한통운'),
       (2, '한진택배'),
       (3, '로젠택배'),
       (4, 'CJ대한통운'),
       (5, '우체국택배'),
       (6, '로젠'),
       (7, '일양로지스'),
       (8, '한의사랑택배'),
       (9, '롯데택배'),
       (10, 'EMS');

INSERT INTO BUSINESS_OWNER (ID, EMAIL, PASSWORD, NAME, PHONE, ADDRESS)
VALUES (1, 'TEST01@TEST.COM', '1111', '최문석', '010-1111-1111', '서울시 강남구'),
       (2, 'TEST02@TEST.COM', '2222', '백정훈', '010-2222-2222', '서울시 송파구'),
       (3, 'TEST03@TEST.COM', '3333', '문지환', '010-3333-3333', '서울시 강북구'),
       (4, 'TEST04@TEST.COM', '4444', '양성준', '010-4444-4444', '서울시 동작구'),
       (5, 'TEST05@TEST.COM', '5555', '이도엽', '010-5555-5555', '서울시 서초구'),
       (6, 'TEST06@TEST.COM', '6666', '김현수', '010-6666-6666', '서울시 강동구');

INSERT INTO CUSTOMER (ID, EMAIL, PASSWORD, NAME, PHONE, ADDRESS)
VALUES (1, 'CUSTOMER01@TEST.COM', '1111', '김철수', '010-1111-1111', '서울시 강남구'),
       (2, 'CUSTOMER02@TEST.COM', '2222', '박영희', '010-2222-2222', '서울시 송파구'),
       (3, 'CUSTOMER03@TEST.COM', '3333', '이철민', '010-3333-3333', '서울시 강북구'),
       (4, 'CUSTOMER04@TEST.COM', '4444', '김미영', '010-4444-4444', '서울시 동작구'),
       (5, 'CUSTOMER05@TEST.COM', '5555', '박미영', '010-5555-5555', '서울시 서초구');

INSERT INTO WAREHOUSE (TYPE, LOCATION, DELIVERY_CMP_ID)
VALUES ('BOTH', '서울특별시 중구 세종대로 110', 1),
       ('DRY', '부산광역시 부산진구 연수로 10', 2),
       ('WET', '대구광역시 북구 대학로 80', 3),
       ('BOTH', '인천광역시 미추홀구 매소홀로 474', 4),
       ('DRY', '광주광역시 서구 내방로 111', 5),
       ('WET', '대전광역시 유성구 대학로 99', 6),
       ('BOTH', '울산광역시 남구 대학로 93', 7),
       ('DRY', '경기도 수원시 장안구 경수대로 1150', 8),
       ('WET', '강원도 춘천시 강원대학길 1', 9),
       ('BOTH', '충청북도 청주시 상당구 대학로 298', 10),
       ('DRY', '충청남도 천안시 동남구 단대로 119', 1),
       ('WET', '전라북도 전주시 덕진구 백제대로 567', 2),
       ('BOTH', '전라남도 목포시 해안로 313', 3),
       ('DRY', '경상북도 포항시 북구 대학로 80', 4),
       ('WET', '경상남도 창원시 의창구 창원대학로 20', 5),
       ('BOTH', '제주특별자치도 제주시 제주대학로 102', 6),
       ('DRY', '서울특별시 종로구 율곡로 2', 7),
       ('WET', '부산광역시 금정구 부산대학로63번길 2', 8),
       ('BOTH', '대구광역시 달서구 달구벌대로 1095', 9),
       ('DRY', '인천광역시 연수구 아카데미로 119', 10),
       ('WET', '광주광역시 북구 용봉로 77', 1),
       ('BOTH', '대전광역시 서구 둔산로 100', 2),
       ('DRY', '울산광역시 동구 봉수로 155', 3),
       ('WET', '경기도 안양시 만안구 삼덕로 37', 4),
       ('BOTH', '강원도 원주시 한라대길 28', 5),
       ('DRY', '충청북도 충주시 충원대로 268', 6),
       ('WET', '충청남도 아산시 배방읍 세출로 178', 7),
       ('BOTH', '전라북도 군산시 백령로 123', 8),
       ('DRY', '전라남도 여수시 대학로 50', 9),
       ('WET', '경상북도 경주시 동해대로 261', 10),
       ('BOTH', '경상남도 진주시 진주대로 501', 1);

INSERT INTO WAREHOUSE_SECTION (NAME, TYPE, WAREHOUSE_ID)
VALUES ('A구역', 'REFRIGERATED', 31),
       ('B구역', 'DRY', 31),
       ('C구역', 'FROZEN', 32),
       ('D구역', 'DRY', 32),
       ('E구역', 'REFRIGERATED', 33),
       ('F구역', 'FROZEN', 33),
       ('G구역', 'REFRIGERATED', 34),
       ('H구역', 'FROZEN', 34),
       ('I구역', 'DRY', 34),
       ('J구역', 'PROCESSED', 34),
       ('K구역', 'DRY', 35),
       ('L구역', 'PROCESSED', 35),
       ('M구역', 'REFRIGERATED', 36),
       ('N구역', 'FROZEN', 36),
       ('O구역', 'REFRIGERATED', 37),
       ('P구역', 'FROZEN', 37),
       ('Q구역', 'DRY', 37),
       ('R구역', 'PROCESSED', 37),
       ('S구역', 'FROZEN', 38),
       ('T구역', 'DRY', 38),
       ('U구역', 'REFRIGERATED', 39),
       ('V구역', 'FROZEN', 39),
       ('W구역', 'REFRIGERATED', 40),
       ('X구역', 'DRY', 40),
       ('Y구역', 'PROCESSED', 40),
       ('Z구역', 'DRY', 41),
       ('AA구역', 'PROCESSED', 41),
       ('AB구역', 'REFRIGERATED', 42),
       ('AC구역', 'FROZEN', 42),
       ('AD구역', 'REFRIGERATED', 43),
       ('AE구역', 'FROZEN', 43),
       ('AF구역', 'DRY', 43),
       ('AG구역', 'PROCESSED', 43),
       ('AH구역', 'FROZEN', 44),
       ('AI구역', 'DRY', 44),
       ('AJ구역', 'REFRIGERATED', 45),
       ('AK구역', 'FROZEN', 45),
       ('AL구역', 'REFRIGERATED', 46),
       ('AM구역', 'DRY', 46),
       ('AN구역', 'PROCESSED', 46),
       ('AO구역', 'DRY', 47),
       ('AP구역', 'PROCESSED', 47),
       ('AQ구역', 'REFRIGERATED', 48),
       ('AR구역', 'FROZEN', 48),
       ('AS구역', 'REFRIGERATED', 49),
       ('AT구역', 'FROZEN', 49),
       ('AU구역', 'DRY', 49),
       ('AV구역', 'PROCESSED', 49),
       ('AW구역', 'FROZEN', 50),
       ('AX구역', 'DRY', 50);